{
	"class_name" : "PinholeCameraParameters",
	"extrinsic" : 
	[
		-0.34991801920819793,
		0.62121844170582352,
		-0.70117403511396492,
		0.0,
		0.92599493846029179,
		0.1161210999154417,
		-0.35923427467371266,
		0.0,
		-0.14174185613054338,
		-0.77498615332082976,
		-0.61587799796847098,
		0.0,
		-11643.16986573814,
		-2130.8260770237648,
		23175.957630815938,
		1.0
	],
	"intrinsic" : 
	{
		"height" : 768,
		"intrinsic_matrix" : 
		[
			665.1075101064489,
			0.0,
			0.0,
			0.0,
			665.1075101064489,
			0.0,
			511.5,
			383.5,
			1.0
		],
		"width" : 1024
	},
	"version_major" : 1,
	"version_minor" : 0
}